{"cameraMode":{"drawMode":0,"name":"Shaded","section":"Shading Mode"},"sceneLighting":true,"audioPlay":false,"sceneViewState":{"m_AlwaysRefresh":false,"showFog":true,"showSkybox":true,"showFlares":true,"showImageEffects":true,"showParticleSystems":true,"showVisualEffectGraphs":true,"m_FxEnabled":false},"in2DMode":false,"pivot":{"x":8.830873489379883,"y":5.546885967254639,"z":0.34957653284072878},"rotation":{"x":0.025446709245443345,"y":0.06293751299381256,"z":-0.001604467979632318,"w":0.9976938366889954},"size":8.559135437011719,"orthographic":true}